<?xml version="1.0" encoding="UTF-8"?>
<rss version="2.0" xmlns:ror="http://rorweb.com/0.1/" >
<channel>
  <title>ROR Sitemap for http://www.zsfbc.com/</title>
  <link>http://www.zsfbc.com/</link>

<item>
     <link>http://www.zsfbc.com/</link>
     <title>张师傅包车--内蒙古呼伦贝尔自助游首选</title>
     <description>呼伦贝尔自助游,2014呼伦贝尔旅游攻略,呼伦贝尔旅游景点、线路、美食、住宿、地图。包车自由行</description>
     <ror:updatePeriod></ror:updatePeriod>
     <ror:sortOrder>0</ror:sortOrder>
     <ror:resourceOf>sitemap</ror:resourceOf>
</item>
<item>
     <link>http://www.zsfbc.com/youji_index.html</link>
     <title>游记文章归档/张师傅包车--内蒙古呼伦贝尔自助游首选</title>
     <description>游记文章归档,呼伦贝尔自助游,2014呼伦贝尔旅游攻略,呼伦贝尔旅游景点、线路、美食、住宿、地图。包车自由行</description>
     <ror:updatePeriod></ror:updatePeriod>
     <ror:sortOrder>1</ror:sortOrder>
     <ror:resourceOf>sitemap</ror:resourceOf>
</item>
<item>
     <link>http://www.zsfbc.com/car1.html</link>
     <title>三菱[车辆]/张师傅包车--内蒙古呼伦贝尔自助游首选</title>
     <description>呼伦贝尔自助游,2014呼伦贝尔旅游攻略,呼伦贝尔旅游景点、线路、美食、住宿、地图。包车自由行</description>
     <ror:updatePeriod></ror:updatePeriod>
     <ror:sortOrder>1</ror:sortOrder>
     <ror:resourceOf>sitemap</ror:resourceOf>
</item>
<item>
     <link>http://www.zsfbc.com/car2.html</link>
     <title>三菱[车辆]/张师傅包车--内蒙古呼伦贝尔自助游首选</title>
     <description>呼伦贝尔自助游,2014呼伦贝尔旅游攻略,呼伦贝尔旅游景点、线路、美食、住宿、地图。包车自由行</description>
     <ror:updatePeriod></ror:updatePeriod>
     <ror:sortOrder>1</ror:sortOrder>
     <ror:resourceOf>sitemap</ror:resourceOf>
</item>
<item>
     <link>http://www.zsfbc.com/youji_article/hulunbeer-1.html</link>
     <title>我心目中的呼伦贝尔[一]/张师傅包车--内蒙古呼伦贝尔自助游首选</title>
     <description>呼伦贝尔自助游,2014呼伦贝尔旅游攻略,呼伦贝尔旅游景点、线路、美食、住宿、地图。包车自由行</description>
     <ror:updatePeriod></ror:updatePeriod>
     <ror:sortOrder>2</ror:sortOrder>
     <ror:resourceOf>sitemap</ror:resourceOf>
</item>
<item>
     <link>http://www.zsfbc.com/youji_article/hulunbeer-2.html</link>
     <title>我心目中的呼伦贝尔[二]/张师傅包车--内蒙古呼伦贝尔自助游首选</title>
     <description>呼伦贝尔自助游,2014呼伦贝尔旅游攻略,呼伦贝尔旅游景点、线路、美食、住宿、地图。包车自由行</description>
     <ror:updatePeriod></ror:updatePeriod>
     <ror:sortOrder>2</ror:sortOrder>
     <ror:resourceOf>sitemap</ror:resourceOf>
</item>
<item>
     <link>http://www.zsfbc.com/youji_article/hulunbeer-3.html</link>
     <title>我心目中的呼伦贝尔[三]/张师傅包车--内蒙古呼伦贝尔自助游首选</title>
     <description>呼伦贝尔自助游,2014呼伦贝尔旅游攻略,呼伦贝尔旅游景点、线路、美食、住宿、地图。包车自由行</description>
     <ror:updatePeriod></ror:updatePeriod>
     <ror:sortOrder>2</ror:sortOrder>
     <ror:resourceOf>sitemap</ror:resourceOf>
</item>
</channel>
</rss>
  